Nombre,Edad,Carrera,Nota1,Nota2,Nota3,Promedio,Desempe√±o
Paula,21,Fisica,4.0,4.5,3.0,3.8,Bueno
Ana,18,Ingenieria,2.0,5.0,3.0,3.3,Regular
Maria,23,Ingenieria,5.0,4.5,3.0,4.2,Bueno
Luis,22,Matematicas,2.0,3.5,4.0,3.2,Regular
Ana,21,Ingenieria,5.0,5.0,5.0,5.0,Excelente
Maria,23,Ingenieria,4.0,3.0,3.0,3.3,Regular
Ana,20,Fisica,2.0,3.0,3.0,2.7,Regular
Luis,20,Ingenieria,4.0,2.5,4.0,3.5,Bueno
Luis,23,Fisica,4.0,3.0,2.0,3.0,Regular
Luis,22,Ingenieria,3.5,3.0,2.0,2.8,Regular
Ana,20,Fisica,5.0,3.0,2.0,3.3,Regular
Carlos,19,Fisica,4.0,2.5,2.0,2.8,Regular
Luis,21,Fisica,2.0,5.0,5.0,4.0,Bueno
Maria,22,Fisica,5.0,2.5,2.0,3.2,Regular
Jose,18,Fisica,4.0,3.5,2.0,3.2,Regular
Paula,21,Fisica,5.0,4.5,2.0,3.8,Bueno
Luis,22,Ingenieria,2.0,3.0,2.0,2.3,Deficiente
Maria,22,Matematicas,5.0,5.0,2.0,4.0,Bueno
Luis,20,Matematicas,5.0,4.5,5.0,4.8,Excelente
Ana,22,Ingenieria,2.0,3.0,4.0,3.0,Regular
Ana,20,Fisica,3.5,5.0,2.0,3.5,Bueno
Carlos,20,Ingenieria,2.0,4.5,5.0,3.8,Bueno
Luis,23,Fisica,3.5,2.5,5.0,3.7,Bueno
Ana,21,Ingenieria,3.5,5.0,4.0,4.2,Bueno
Carlos,19,Matematicas,4.0,3.0,3.0,3.3,Regular
Maria,18,Fisica,3.5,3.0,5.0,3.8,Bueno
Carlos,22,Matematicas,3.5,4.5,2.0,3.3,Regular
Luis,21,Ingenieria,2.0,3.0,5.0,3.3,Regular
Jose,20,Matematicas,4.0,3.0,3.0,3.3,Regular
Ana,19,Ingenieria,3.5,2.5,3.0,3.0,Regular
Maria,18,Ingenieria,5.0,4.5,4.0,4.5,Excelente
Maria,23,Fisica,2.0,3.0,4.0,3.0,Regular
Jose,18,Matematicas,5.0,3.5,4.0,4.2,Bueno
Ana,18,Matematicas,5.0,2.5,5.0,4.2,Bueno
Jose,20,Fisica,2.0,2.5,2.0,2.2,Deficiente
Paula,23,Fisica,5.0,5.0,3.0,4.3,Bueno
Jose,18,Fisica,4.0,3.5,3.0,3.5,Bueno
Ana,21,Fisica,5.0,3.5,5.0,4.5,Excelente
Ana,22,Ingenieria,3.5,5.0,2.0,3.5,Bueno
Ana,23,Fisica,3.5,2.5,2.0,2.7,Regular
Luis,18,Fisica,3.5,3.5,4.0,3.7,Bueno
Luis,23,Fisica,3.5,4.5,3.0,3.7,Bueno
Ana,22,Fisica,2.0,5.0,3.0,3.3,Regular
Maria,21,Fisica,5.0,5.0,4.0,4.7,Excelente
Paula,20,Matematicas,2.0,3.0,2.0,2.3,Deficiente
Ana,18,Fisica,5.0,2.5,2.0,3.2,Regular
